car_ID,CarName,colour,fueltype,aspiration,doornumber,carbody,drivewheel,enginelocation,wheelbase,carlength,carwidth,carheight,kerbweight,enginetype,cylindernumber,enginesize,fuelsystem,boreratio,stroke,compressionratio,horsepower,peakrpm,highwaympg,mileage (km/l),emission_levels (g/km of CO2),battery_capacity (kWh),car_weight,cruise_control,electronic_braking_system,hill_hold,tire_pressure_monitoring_system,sunroof,ventilated_seat,new_car_price
1,alfa-romero giulia,metallic,gas,std,2,convertible,rwd,front,88.6,168.8,64.1,48.8,2548,dohc,4,130,mpfi,3.47,2.68,9,111,5000,27,14.28,142.37,39,1486,no,no,no,no,no,no,3360255
2,alfa-romero stelvio,metallic,gas,std,2,convertible,rwd,front,88.6,168.8,64.1,48.8,2548,dohc,4,130,mpfi,3.47,2.68,9,111,5000,27,12.92,138.16,39,1287,no,no,no,no,no,no,4108500
3,alfa-romero Quadrifoglio,metallic,gas,std,2,hatchback,rwd,front,94.5,171.2,65.5,52.4,2823,ohcv,6,152,mpfi,2.68,3.47,9,154,5000,26,15.44,129.82,39,1389,no,no,no,no,no,no,4108500
4,audi 100 ls,metallic,gas,std,4,sedan,fwd,front,99.8,176.6,66.2,54.3,2337,ohc,4,109,mpfi,3.19,3.4,10,102,5500,30,12.05,140.59,95,1355,no,yes,no,no,no,yes,3473550
5,audi 100ls,metallic,gas,std,4,sedan,4wd,front,99.4,176.6,66.4,54.3,2824,ohc,5,136,mpfi,3.19,3.4,8,115,5500,22,11.71,122.14,95,1165,no,yes,no,no,no,yes,4345050
6,audi fox,metallic,gas,std,2,sedan,fwd,front,99.8,177.3,66.3,53.1,2507,ohc,5,136,mpfi,3.19,3.4,8.5,110,5500,25,14.57,134.27,95,1236,no,yes,no,no,no,yes,3797250
7,audi 100ls,metallic,gas,std,4,sedan,fwd,front,105.8,192.7,71.4,55.7,2844,ohc,5,136,mpfi,3.19,3.4,8.5,110,5500,25,10.73,149.98,95,1445,no,yes,no,no,no,yes,4409790
8,audi 5000,metallic,gas,std,4,wagon,fwd,front,105.8,192.7,71.4,55.7,2954,ohc,5,136,mpfi,3.19,3.4,8.5,110,5500,25,11.36,124.01,95,1267,no,yes,no,no,no,yes,4711080
9,audi 4000,metallic,gas,turbo,4,sedan,fwd,front,105.8,192.7,71.4,55.9,3086,ohc,5,131,mpfi,3.13,3.4,8.3,140,5500,20,14.83,137.42,95,1573,no,yes,no,no,no,yes,5944875
10,audi 5000s (diesel),metallic,gas,turbo,2,hatchback,4wd,front,99.5,178.2,67.9,52,3053,ohc,5,131,mpfi,3.13,3.4,7,160,5500,22,14.11,145.23,95,1312,no,yes,no,no,no,yes,4446932.583
11,bmw 320i,metallic,gas,std,2,sedan,rwd,front,101.2,176.8,64.8,54.3,2395,ohc,4,108,mpfi,3.5,2.8,8.8,101,5800,29,12.39,131.75,42.6,1378,no,yes,no,no,no,yes,4091070
12,bmw 320i,metallic,gas,std,4,sedan,rwd,front,101.2,176.8,64.8,54.3,2395,ohc,4,108,mpfi,3.5,2.8,8.8,101,5800,29,10.52,148.38,42.6,1454,no,yes,no,no,no,yes,4214325
13,bmw x1,metallic,gas,std,2,sedan,rwd,front,101.2,176.8,64.8,54.3,2710,ohc,6,164,mpfi,3.31,3.19,9,121,4250,28,15.62,140.02,42.5,1520,no,yes,no,no,no,yes,5221530
14,bmw x3,metallic,gas,std,4,sedan,rwd,front,101.2,176.8,64.8,54.3,2765,ohc,6,164,mpfi,3.31,3.19,9,121,4250,28,15.14,127.91,42.6,1248,no,yes,no,no,no,yes,5255145
15,bmw z4,metallic,gas,std,4,sedan,rwd,front,103.5,189,66.9,55.7,3055,ohc,6,164,mpfi,3.31,3.19,9,121,4250,25,12.86,136.29,42.6,1367,no,yes,no,no,no,yes,6116685
16,bmw x4,metallic,gas,std,4,sedan,rwd,front,103.5,189,66.9,55.7,3230,ohc,6,209,mpfi,3.62,3.39,8,182,5400,22,11.97,143.6,42.2,1536,no,yes,no,no,no,yes,7659240
17,bmw x5,metallic,gas,std,2,sedan,rwd,front,103.5,193.8,67.9,53.7,3380,ohc,6,209,mpfi,3.62,3.39,8,182,5400,22,12.35,139.54,42.6,1421,no,yes,no,no,no,yes,10287435
18,bmw x3,metallic,gas,std,4,sedan,rwd,front,110,197,70.9,56.3,3505,ohc,6,209,mpfi,3.62,3.39,8,182,5400,20,13.78,120.87,42.6,1178,no,yes,no,no,no,yes,9183120
19,chevrolet impala,standard,gas,std,2,hatchback,fwd,front,88.4,141.1,60.3,53.2,1488,l,3,61,2bbl,2.91,3.03,9.5,48,5100,53,11.23,147.15,66,1347,no,no,no,no,no,no,1282599
20,chevrolet monte carlo,standard,gas,std,2,hatchback,fwd,front,94.5,155.9,63.6,52,1874,ohc,4,90,2bbl,3.03,3.11,9.6,70,5400,43,14.05,132.93,66,1221,no,no,no,no,no,no,1567455
21,chevrolet vega 2300,standard,gas,std,4,sedan,fwd,front,94.5,158.8,63.6,52,1909,ohc,4,90,2bbl,3.03,3.11,9.6,70,5400,43,15.07,141.48,66,1189,no,no,no,no,no,no,1637175
22,dodge rampage,standard,gas,std,2,hatchback,fwd,front,93.7,157.3,63.8,50.8,1876,ohc,4,90,2bbl,2.97,3.23,9.41,68,5500,41,13.65,128.76,47,1359,no,no,no,no,no,no,1387428
23,dodge challenger se,standard,gas,std,2,hatchback,fwd,front,93.7,157.3,63.8,50.8,1876,ohc,4,90,2bbl,2.97,3.23,9.4,68,5500,38,12.19,123.28,47,1560,no,no,no,no,no,no,1587873
24,dodge d200,standard,gas,turbo,2,hatchback,fwd,front,93.7,157.3,63.8,50.8,2128,ohc,4,98,mpfi,3.03,3.39,7.6,102,5500,30,13.32,135.01,47,1275,no,no,no,no,no,no,1981293
25,dodge monaco (sw),standard,gas,std,4,hatchback,fwd,front,93.7,157.3,63.8,50.6,1967,ohc,4,90,2bbl,2.97,3.23,9.4,68,5500,38,10.98,142.72,47,1141,no,no,no,no,no,no,1551021
26,dodge colt hardtop,standard,gas,std,4,sedan,fwd,front,93.7,157.3,63.8,50.6,1989,ohc,4,90,2bbl,2.97,3.23,9.4,68,5500,38,15.36,146,47,1381,no,no,no,no,no,no,1666308
27,dodge colt (sw),standard,gas,std,4,sedan,fwd,front,93.7,157.3,63.8,50.6,1989,ohc,4,90,2bbl,2.97,3.23,9.4,68,5500,38,10.26,130.34,47,1504,no,no,no,no,no,no,1894641
28,dodge coronet custom,standard,gas,turbo,2,sedan,fwd,front,93.7,157.3,63.8,50.6,2191,ohc,4,98,mpfi,3.03,3.39,7.6,102,5500,30,12.74,125.62,47,1190,no,no,no,no,no,no,2130942
29,dodge dart custom,standard,gas,std,4,wagon,fwd,front,103.3,174.6,64.6,59.8,2535,ohc,4,122,2bbl,3.34,3.46,8.5,88,5000,30,14.91,144.35,47,1376,no,no,no,no,no,no,2221329
30,dodge coronet custom (sw),metallic,gas,turbo,2,hatchback,fwd,front,95.9,173.2,66.3,50.2,2811,ohc,4,156,mfi,3.6,3.9,7,145,5000,24,15.23,133.68,47,1371,no,no,no,no,no,no,3228036
31,honda civic,standard,gas,std,2,hatchback,fwd,front,86.6,144.6,63.9,50.8,1713,ohc,4,92,1bbl,2.91,3.41,9.6,58,4800,54,12.61,121.95,25.5,1297,no,no,no,no,no,no,1613271
32,honda civic cvcc,standard,gas,std,2,hatchback,fwd,front,86.6,144.6,63.9,50.8,1819,ohc,4,92,1bbl,2.91,3.41,9.2,76,6000,38,13.41,149.24,25.5,1346,no,no,no,no,no,no,1706895
33,honda civic,standard,gas,std,2,hatchback,fwd,front,93.7,150,64,52.6,1837,ohc,4,79,1bbl,2.91,3.07,10.1,60,5500,42,11.09,126.31,25.5,1430,no,no,no,no,no,no,1344351
34,honda accord cvcc,standard,gas,std,2,hatchback,fwd,front,93.7,150,64,52.6,1940,ohc,4,92,1bbl,2.91,3.41,9.2,76,6000,34,15.78,139.13,25.5,1333,no,no,no,no,no,no,1625721
35,honda civic cvcc,standard,gas,std,2,hatchback,fwd,front,93.7,150,64,52.6,1956,ohc,4,92,1bbl,2.91,3.41,9.2,76,6000,34,14.75,147.64,25.5,1537,no,no,no,no,no,no,1775121
36,honda accord lx,standard,gas,std,4,sedan,fwd,front,96.5,163.4,64,54.5,2010,ohc,4,92,1bbl,2.91,3.41,9.2,76,6000,34,14.47,134.97,25.5,1558,no,no,no,no,no,no,1816455
37,honda civic 1500 gl,standard,gas,std,4,wagon,fwd,front,96.5,157.1,63.9,58.3,2024,ohc,4,92,1bbl,2.92,3.41,9.2,76,6000,34,10.37,122.6,25.5,1426,no,no,no,no,no,no,1816455
38,honda accord,standard,gas,std,2,hatchback,fwd,front,96.5,167.5,65.2,53.3,2236,ohc,4,110,1bbl,3.15,3.58,9,86,5800,33,15.05,138.42,25.5,1258,no,no,no,no,no,no,1965855
39,honda civic 1300,standard,gas,std,2,hatchback,fwd,front,96.5,167.5,65.2,53.3,2289,ohc,4,110,1bbl,3.15,3.58,9,86,5800,33,10.8,141.79,25.5,1503,no,no,no,no,no,no,2264655
40,honda prelude,standard,gas,std,4,sedan,fwd,front,96.5,175.4,65.2,54.1,2304,ohc,4,110,1bbl,3.15,3.58,9,86,5800,33,10.62,129.48,25.5,1456,no,no,no,no,no,no,2202405
41,honda accord,metallic,gas,std,4,sedan,fwd,front,96.5,175.4,62.5,54.1,2372,ohc,4,110,1bbl,3.15,3.58,9,86,5800,33,11.88,124.19,25.5,1311,no,no,no,no,no,no,2563455
42,honda civic,metallic,gas,std,4,sedan,fwd,front,96.5,175.4,65.2,54.1,2465,ohc,4,110,mpfi,3.15,3.58,9,101,5800,28,12.47,146.52,25.5,1443,no,no,no,no,no,no,3223305
43,honda civic (auto),metallic,gas,std,2,sedan,fwd,front,96.5,169.1,66,51,2293,ohc,4,110,2bbl,3.15,3.58,9.1,100,5500,31,10.15,132.35,25.5,1534,no,no,no,no,no,no,2575905
44,isuzu MU-X,standard,gas,std,4,sedan,rwd,front,94.3,170.7,61.8,53.5,2337,ohc,4,111,2bbl,3.31,3.23,8.5,78,4800,29,13.03,140.89,39,1524,no,no,no,no,no,no,1689465
45,isuzu D-Max ,standard,gas,std,2,sedan,fwd,front,94.5,155.9,63.6,52,1874,ohc,4,90,2bbl,3.03,3.11,9.6,70,5400,43,12.68,137.2,39,1334,no,no,no,no,no,no,2220208.5
46,isuzu D-Max V-Cross,standard,gas,std,4,sedan,fwd,front,94.5,155.9,63.6,52,1909,ohc,4,90,2bbl,3.03,3.11,9.6,70,5400,43,12.57,128.03,39,1452,no,no,no,no,no,no,2220208.5
47,isuzu D-Max ,metallic,gas,std,2,hatchback,rwd,front,96,172.6,65.2,51.4,2734,ohc,4,119,spfi,3.43,3.23,9.2,90,5000,29,14.4,135.76,39,1282,no,no,no,no,no,no,2750952
48,jaguar xj,metallic,gas,std,4,sedan,rwd,front,113,199.6,69.6,52.8,4066,dohc,6,258,mpfi,3.63,4.17,8.1,176,4750,19,15.51,143.17,46,1563,no,no,no,no,no,no,8030250
49,jaguar xf,metallic,gas,std,4,sedan,rwd,front,113,199.6,69.6,52.8,4066,dohc,6,258,mpfi,3.63,4.17,8.1,176,4750,19,13.53,145.46,46,1272,no,no,no,no,no,no,8851950
50,jaguar xk,metallic,gas,std,2,sedan,rwd,front,102,191.7,70.6,47.8,3950,ohcv,12,326,mpfi,3.54,2.76,11.5,262,5000,17,12.03,129.79,46,1317,no,no,no,no,no,no,8964000
51,mazda rx3,standard,gas,std,2,hatchback,fwd,front,93.1,159.1,64.2,54.1,1890,ohc,4,91,2bbl,3.03,3.15,9,68,5000,31,11.82,127.1,48,1242,no,no,no,no,no,no,1293555
52,mazda glc deluxe,standard,gas,std,2,hatchback,fwd,front,93.1,159.1,64.2,54.1,1900,ohc,4,91,2bbl,3.03,3.15,9,68,5000,38,15.69,148.87,48,1385,no,no,no,no,no,no,1517655
53,mazda rx2 coupe,standard,gas,std,2,hatchback,fwd,front,93.1,159.1,64.2,54.1,1905,ohc,4,91,2bbl,3.03,3.15,9,68,5000,38,13.94,136.64,48,1372,no,no,no,no,no,no,1691955
54,mazda rx-4,standard,gas,std,4,sedan,fwd,front,93.1,166.8,64.2,54.1,1945,ohc,4,91,2bbl,3.03,3.15,9,68,5000,38,12.24,123.71,48,1423,no,no,no,no,no,no,1667055
55,mazda glc deluxe,standard,gas,std,4,sedan,fwd,front,93.1,166.8,64.2,54.1,1950,ohc,4,91,2bbl,3.08,3.15,9,68,5000,38,11.15,150,48,1163,no,no,no,no,no,no,1841355
56,mazda 626,metallic,gas,std,2,hatchback,rwd,front,95.3,169,65.7,49.6,2380,rotor,2,70,4bbl,3.33,3.255,9.4,101,6000,23,10.89,142.06,48,1144,no,no,no,no,no,no,2725305
57,mazda glc,metallic,gas,std,2,hatchback,rwd,front,95.3,169,65.7,49.6,2380,rotor,2,70,4bbl,3.33,3.255,9.4,101,6000,23,15.97,134.43,48,1565,no,no,no,no,no,no,2949405
58,mazda rx-7 gs,metallic,gas,std,2,hatchback,rwd,front,95.3,169,65.7,49.6,2385,rotor,2,70,4bbl,3.33,3.255,9.4,101,6000,23,14.2,149.32,48,1500,no,no,no,no,no,no,3397605
59,mazda glc 4,metallic,gas,std,2,hatchback,rwd,front,95.3,169,65.7,49.6,2500,rotor,2,80,mpfi,3.33,3.255,9.4,135,6000,23,11.56,121.23,48,1575,no,no,no,no,no,no,3895605
60,mazda 626,standard,gas,std,2,hatchback,fwd,front,98.8,177.8,66.5,53.7,2385,ohc,4,122,2bbl,3.39,3.39,8.6,84,4800,32,13.87,137.96,48,1332,no,no,no,no,no,no,2202405
61,mazda glc custom l,standard,gas,std,4,sedan,fwd,front,98.8,177.8,66.5,55.5,2410,ohc,4,122,2bbl,3.39,3.39,8.6,84,4800,32,14.64,146.27,48,1393,no,no,no,no,no,no,2115255
62,mazda glc custom,metallic,gas,std,2,hatchback,fwd,front,98.8,177.8,66.5,53.7,2385,ohc,4,122,2bbl,3.39,3.39,8.6,84,4800,32,15.86,130.6,48,1285,no,no,no,no,no,no,2638155
63,mazda rx-4,metallic,gas,std,4,sedan,fwd,front,98.8,177.8,66.5,55.5,2410,ohc,4,122,2bbl,3.39,3.39,8.6,84,4800,32,13.74,125.97,48,1331,no,no,no,no,no,no,2551005
64,mazda glc deluxe,metallic,diesel,std,4,sedan,fwd,front,98.8,177.8,66.5,55.5,2443,ohc,4,122,idi,3.39,3.39,22.7,64,4650,42,14.99,144.7,48,1399,no,no,no,no,no,no,2687955
65,mazda 626,metallic,gas,std,4,hatchback,fwd,front,98.8,177.8,66.5,55.5,2425,ohc,4,122,2bbl,3.39,3.39,8.6,84,4800,32,10.44,133.03,48,1363,no,no,no,no,no,no,2800005
66,mazda glc,metallic,gas,std,4,sedan,rwd,front,104.9,175,66.1,54.4,2670,ohc,4,140,mpfi,3.76,3.16,8,120,5000,27,10.11,141.37,48,1472,no,no,no,no,no,no,4551720
67,mazda rx-7 gs,metallic,diesel,std,4,sedan,rwd,front,104.9,175,66.1,54.4,2700,ohc,4,134,idi,3.43,3.64,22,72,4200,39,14.18,127.67,48,1351,no,no,no,no,no,no,4567656
68,buick electra 225 custom,metallic,diesel,turbo,4,sedan,rwd,front,110,190.9,70.3,56.5,3515,ohc,5,183,idi,3.58,3.64,21.5,123,4350,25,13.16,120.34,43,1222,no,no,no,no,no,no,6362448
69,buick century luxus (sw),metallic,diesel,turbo,4,wagon,rwd,front,110,190.9,70.3,58.7,3750,ohc,5,183,idi,3.58,3.64,21.5,123,4350,25,15.32,136.08,43,1425,no,no,no,no,no,no,7033752
70,buick century,metallic,diesel,turbo,2,hardtop,rwd,front,106.7,187.5,70.3,54.9,3495,ohc,5,183,idi,3.58,3.64,21.5,123,4350,25,11.46,143.45,43,1269,no,no,no,no,no,no,7015824
71,buick skyhawk,metallic,diesel,turbo,4,sedan,rwd,front,115.6,202.6,71.7,56.3,3770,ohc,5,183,idi,3.58,3.64,21.5,123,4350,25,15.2,147.72,43,1441,no,no,no,no,no,no,7868400
72,buick opel isuzu deluxe,metallic,gas,std,4,sedan,rwd,front,115.6,202.6,71.7,56.5,3740,ohcv,8,234,mpfi,3.46,3.1,8.3,155,4750,18,12.93,132.09,43,1422,no,no,no,no,no,no,8511816
73,buick skylark,metallic,gas,std,2,convertible,rwd,front,96.6,180.3,70.5,50.8,3685,ohcv,8,234,mpfi,3.46,3.1,8.3,155,4750,18,13.62,126.46,43,1192,no,no,no,no,no,no,8728944
74,buick century special,metallic,gas,std,4,sedan,rwd,front,120.9,208.1,71.7,56.7,3900,ohcv,8,308,mpfi,3.8,3.35,8,184,4500,16,10.07,145.13,43,1530,no,no,no,no,no,no,10199040
75,buick regal sport coupe (turbo),metallic,gas,std,2,hardtop,rwd,front,112,199.2,72,55.4,3715,ohcv,8,304,mpfi,3.8,3.35,8,184,4500,16,13.29,138.8,43,1509,no,no,no,no,no,no,11304600
76,mercury cougar,metallic,gas,turbo,2,hatchback,rwd,front,102.7,178.4,68,54.8,2910,ohc,4,140,mpfi,3.78,3.12,8,175,5000,24,10.84,122.47,51,1341,no,no,no,no,no,no,4109247
77,mitsubishi mirage,standard,gas,std,2,hatchback,fwd,front,93.7,157.3,64.4,50.8,1918,ohc,4,92,2bbl,2.97,3.23,9.4,68,5500,41,15.11,148.54,51,1434,no,no,no,no,no,no,1341861
78,mitsubishi lancer,standard,gas,std,2,hatchback,fwd,front,93.7,157.3,64.4,50.8,1944,ohc,4,92,2bbl,2.97,3.23,9.4,68,5500,38,11.64,131.82,51,1577,no,no,no,no,no,no,1541061
79,mitsubishi outlander,standard,gas,std,2,hatchback,fwd,front,93.7,157.3,64.4,50.8,2004,ohc,4,92,2bbl,2.97,3.23,9.4,68,5500,38,14.35,139.7,51,1185,no,no,no,no,no,no,1660581
80,mitsubishi g4,standard,gas,turbo,2,hatchback,fwd,front,93,157.3,63.8,50.8,2145,ohc,4,98,spdi,3.03,3.39,7.6,102,5500,30,13.51,144.01,51,1315,no,no,no,no,no,no,1914561
81,mitsubishi mirage g4,standard,gas,turbo,2,hatchback,fwd,front,96.3,173,65.4,49.4,2370,ohc,4,110,spdi,3.17,3.46,7.5,116,5500,30,14.82,135.34,51,1420,no,no,no,no,no,no,2479791
82,mitsubishi g4,standard,gas,std,2,hatchback,fwd,front,96.3,173,65.4,49.4,2328,ohc,4,122,2bbl,3.35,3.46,8.5,88,5000,32,11.28,123.15,51,1410,no,no,no,no,no,no,2116251
83,mitsubishi outlander,metallic,gas,turbo,2,hatchback,fwd,front,95.9,173.2,66.3,50.2,2833,ohc,4,156,spdi,3.58,3.86,7,145,5000,24,14.03,140.46,51,1483,no,no,no,no,no,no,3144621
84,mitsubishi g4,metallic,gas,turbo,2,hatchback,fwd,front,95.9,173.2,66.3,50.2,2921,ohc,4,156,spdi,3.59,3.86,7,145,5000,24,10.33,142.83,51,1362,no,no,no,no,no,no,3702381
85,mitsubishi mirage g4,metallic,gas,turbo,2,hatchback,fwd,front,95.9,173.2,66.3,50.2,2926,ohc,4,156,spdi,3.59,3.86,7,145,5000,24,11.41,128.52,51,1335,no,no,no,no,no,no,3607761
86,mitsubishi montero,standard,gas,std,4,sedan,fwd,front,96.3,172.4,65.4,51.6,2365,ohc,4,122,2bbl,3.35,3.46,8.5,88,5000,32,11.74,124.85,51,1147,no,no,no,no,no,no,1740261
87,mitsubishi pajero,standard,gas,std,4,sedan,fwd,front,96.3,172.4,65.4,51.6,2405,ohc,4,122,2bbl,3.35,3.46,8.5,88,5000,32,12.75,147.18,51,1380,no,no,no,no,no,no,2039061
88,mitsubishi outlander,standard,gas,turbo,4,sedan,fwd,front,96.3,172.4,65.4,51.6,2403,ohc,4,110,spdi,3.17,3.46,7.5,116,5500,30,10.55,130.95,51,1370,no,no,no,no,no,no,2310471
89,mitsubishi mirage g4,standard,gas,std,4,sedan,fwd,front,96.3,172.4,65.4,51.6,2403,ohc,4,110,spdi,3.17,3.46,7.5,116,5500,30,13.04,143.32,51,1350,no,no,no,no,no,no,2310471
90,Nissan versa,standard,gas,std,2,sedan,fwd,front,94.5,165.3,63.8,54.5,1889,ohc,4,97,2bbl,3.15,3.29,9.4,69,5200,37,10.69,136.69,62,1314,no,no,no,no,no,no,1369251
91,nissan gt-r,standard,diesel,std,2,sedan,fwd,front,94.5,165.3,63.8,54.5,2017,ohc,4,103,idi,2.99,3.47,21.9,55,4800,50,12.45,127.42,62,1164,no,no,no,no,no,no,1767651
92,nissan rogue,standard,gas,std,2,sedan,fwd,front,94.5,165.3,63.8,54.5,1918,ohc,4,97,2bbl,3.15,3.29,9.4,69,5200,37,15.42,135.15,62,1281,no,no,no,no,no,no,1655601
93,nissan latio,standard,gas,std,4,sedan,fwd,front,94.5,165.3,63.8,54.5,1938,ohc,4,97,2bbl,3.15,3.29,9.4,69,5200,37,12.13,144.56,62,1255,no,no,no,no,no,no,1705401
94,nissan titan,standard,gas,std,4,wagon,fwd,front,94.5,170.2,63.8,53.5,2024,ohc,4,97,2bbl,3.15,3.29,9.4,69,5200,37,13.39,148.83,62,1348,no,no,no,no,no,no,1829901
95,nissan leaf,standard,gas,std,2,sedan,fwd,front,94.5,165.3,63.8,54.5,1951,ohc,4,97,2bbl,3.15,3.29,9.4,69,5200,37,12.31,133.2,62,1149,no,no,no,no,no,no,1817451
96,nissan juke,standard,gas,std,2,hatchback,fwd,front,94.5,165.6,63.8,53.3,2028,ohc,4,97,2bbl,3.15,3.29,9.4,69,5200,37,14.55,129.57,62,1465,no,no,no,no,no,no,1941951
97,nissan latio,standard,gas,std,4,sedan,fwd,front,94.5,165.3,63.8,54.5,1971,ohc,4,97,2bbl,3.15,3.29,9.4,69,5200,37,15.38,146.24,62,1375,no,no,no,no,no,no,1867251
98,nissan note,standard,gas,std,4,wagon,fwd,front,94.5,170.2,63.8,53.5,2037,ohc,4,97,2bbl,3.15,3.29,9.4,69,5200,37,11.92,139.01,62,1369,no,no,no,no,no,no,1991751
99,nissan clipper,standard,gas,std,2,hardtop,fwd,front,95.1,162.4,63.8,53.3,2008,ohc,4,97,2bbl,3.15,3.29,9.4,69,5200,37,15.73,121.7,62,1230,no,no,no,no,no,no,2054001
100,nissan rogue,standard,gas,std,4,hatchback,fwd,front,97.2,173.4,65.2,54.7,2324,ohc,4,120,2bbl,3.33,3.47,8.5,97,5200,34,13.19,149.49,62,1213,no,no,no,no,no,no,2228301
101,nissan nv200,standard,gas,std,4,sedan,fwd,front,97.2,173.4,65.2,54.7,2302,ohc,4,120,2bbl,3.33,3.47,8.5,97,5200,34,14.07,124.93,62,1273,no,no,no,no,no,no,2377701
102,nissan dayz,metallic,gas,std,4,sedan,fwd,front,100.4,181.7,66.5,55.1,3095,ohcv,6,181,mpfi,3.43,3.27,9,152,5200,22,15.67,138.26,62,1457,no,no,no,no,no,no,3361251
103,nissan fuga,metallic,gas,std,4,wagon,fwd,front,100.4,184.6,66.5,56.1,3296,ohcv,6,181,mpfi,3.43,3.27,9,152,5200,22,11.8,146.77,62,1398,no,no,no,no,no,no,3585351
104,nissan otti,metallic,gas,std,4,sedan,fwd,front,100.4,184.6,66.5,55.1,3060,ohcv,6,181,mpfi,3.43,3.27,9,152,5200,25,14.29,132.1,62,1176,no,no,no,no,no,no,3361251
105,nissan teana,metallic,gas,std,2,hatchback,rwd,front,91.3,170.7,67.9,49.7,3071,ohcv,6,181,mpfi,3.43,3.27,9,160,5200,25,12.41,126.43,62,1382,no,no,no,no,no,no,4282551
106,nissan kicks,metallic,gas,turbo,2,hatchback,rwd,front,91.3,170.7,67.9,49.7,3139,ohcv,6,181,mpfi,3.43,3.27,7.8,200,5200,23,11.18,144.07,62,1191,no,no,no,no,no,no,4905051
107,nissan clipper,metallic,gas,std,2,hatchback,rwd,front,99.2,178.5,67.9,49.7,3139,ohcv,6,181,mpfi,3.43,3.27,9,160,5200,25,14.46,141.44,62,1387,no,no,no,no,no,no,4581351
108,peugeot 504,metallic,gas,std,4,sedan,rwd,front,107.9,186.7,68.4,56.7,3020,l,4,120,mpfi,3.46,3.19,8.4,97,5000,24,13.9,127.71,43,1218,no,no,no,no,no,no,2963100
109,peugeot 304,metallic,diesel,turbo,4,sedan,rwd,front,107.9,186.7,68.4,56.7,3197,l,4,152,idi,3.7,3.52,21,95,4150,33,10.98,122.02,43,1239,no,no,no,no,no,no,3286800
110,peugeot 504 (sw),metallic,gas,std,4,wagon,rwd,front,114.2,198.9,68.4,58.7,3230,l,4,120,mpfi,3.46,3.19,8.4,97,5000,24,11.94,145.35,43,1532,no,no,no,no,no,no,3097560
111,peugeot 504,metallic,diesel,turbo,4,wagon,rwd,front,114.2,198.9,68.4,58.7,3430,l,4,152,idi,3.7,3.52,21,95,4150,25,13.06,129.18,43,1431,no,no,no,no,no,no,3451140
112,peugeot 504,metallic,gas,std,4,sedan,rwd,front,107.9,186.7,68.4,56.7,3075,l,4,120,mpfi,3.46,2.19,8.4,95,5000,24,12.08,142.63,43,1142,no,no,no,no,no,no,3879420
113,peugeot 604sl,metallic,diesel,turbo,4,sedan,rwd,front,107.9,186.7,68.4,56.7,3252,l,4,152,idi,3.7,3.52,21,95,4150,33,14.16,135.94,43,1459,no,no,no,no,no,no,4208100
114,peugeot 504,metallic,gas,std,4,wagon,rwd,front,114.2,198.9,68.4,56.7,3285,l,4,120,mpfi,3.46,2.19,8.4,95,5000,24,11.7,128.27,43,1446,no,no,no,no,no,no,4157055
115,peugeot 505s turbo diesel,metallic,diesel,turbo,4,wagon,rwd,front,114.2,198.9,68.4,58.7,3485,l,4,152,idi,3.7,3.52,21,95,4150,25,12.29,136.8,43,1344,no,no,no,no,no,no,4251675
116,peugeot 504,metallic,gas,std,4,sedan,rwd,front,107.9,186.7,68.4,56.7,3075,l,4,120,mpfi,3.46,3.19,8.4,97,5000,24,14.73,143.81,43,1330,no,no,no,no,no,no,4140870
117,peugeot 504,metallic,diesel,turbo,4,sedan,rwd,front,107.9,186.7,68.4,56.7,3252,l,4,152,idi,3.7,3.52,21,95,4150,33,11.34,148.08,43,1394,no,no,no,no,no,no,4469550
118,peugeot 604sl,metallic,gas,turbo,4,sedan,rwd,front,108,186.7,68.3,56,3130,l,4,134,mpfi,3.61,3.21,7,142,5600,24,12.87,130.41,43,1474,no,no,no,no,no,no,4519350
119,plymouth fury iii,standard,gas,std,2,hatchback,fwd,front,93.7,157.3,63.8,50.8,1918,ohc,4,90,2bbl,2.97,3.23,9.4,68,5500,41,14.64,125.74,46,1501,no,no,no,no,no,no,1387428
120,plymouth cricket,standard,gas,turbo,2,hatchback,fwd,front,93.7,157.3,63.8,50.8,2128,ohc,4,98,spdi,3.03,3.39,7.6,102,5500,30,15.01,147.41,46,1342,no,no,no,no,no,no,1981293
121,plymouth fury iii,standard,gas,std,4,hatchback,fwd,front,93.7,157.3,63.8,50.6,1967,ohc,4,90,2bbl,2.97,3.23,9.4,68,5500,38,10.68,140.18,46,1429,no,no,no,no,no,no,1551021
122,plymouth satellite custom (sw),standard,gas,std,4,sedan,fwd,front,93.7,167.3,63.8,50.8,1989,ohc,4,90,2bbl,2.97,3.23,9.4,68,5500,38,13.63,123.49,46,1435,no,no,no,no,no,no,1666308
123,plymouth fury gran sedan,standard,gas,std,4,sedan,fwd,front,93.7,167.3,63.8,50.8,2191,ohc,4,98,2bbl,2.97,3.23,9.4,68,5500,38,11.22,149.76,46,1268,no,no,no,no,no,no,1894641
124,plymouth valiant,standard,gas,std,4,wagon,fwd,front,103.3,174.6,64.6,59.8,2535,ohc,4,122,2bbl,3.35,3.46,8.5,88,5000,30,15.79,141.83,46,1288,no,no,no,no,no,no,2221329
125,plymouth duster,metallic,gas,turbo,2,hatchback,rwd,front,95.9,173.2,66.3,50.2,2818,ohc,4,156,spdi,3.59,3.86,7,145,5000,24,10.95,133.8,46,1572,no,no,no,no,no,no,3178236
126,porsche macan,metallic,gas,std,2,hatchback,rwd,front,94.5,168.9,68.3,50.2,2778,ohc,4,151,mpfi,3.94,3.11,9.5,143,5500,27,14.92,148.09,42,1328,no,no,no,no,no,no,5482482
127,porcshce panamera,metallic,gas,std,2,hardtop,rwd,rear,89.5,168.9,65,51.6,2756,ohcf,6,194,mpfi,3.74,2.9,9.5,207,5900,25,12.17,120.5,42,1250,no,no,no,no,no,no,8099472
128,porsche cayenne,metallic,gas,std,2,hardtop,rwd,rear,89.5,168.9,65,51.6,2756,ohcf,6,194,mpfi,3.74,2.9,9.5,207,5900,25,14.21,137.53,42,1233,no,no,no,no,no,no,8472972
129,porsche boxter,metallic,gas,std,2,convertible,rwd,rear,89.5,168.9,65,51.6,2800,ohcf,6,194,mpfi,3.74,2.9,9.5,207,5900,25,11.52,145.84,42,1168,no,no,no,no,no,no,9219972
130,porsche cayenne,metallic,gas,std,2,hatchback,rwd,front,98.4,175.7,72.3,50.5,3366,dohcv,8,203,mpfi,3.94,3.11,10,288,5750,28,15.46,131.17,42,1392,no,no,no,no,no,no,7818724.5
131,renault 12tl,standard,gas,std,4,wagon,fwd,front,96.1,181.5,66.5,55.2,2579,ohc,4,132,mpfi,3.46,3.9,8.7,90,5100,31,11.77,126.5,54,1156,no,no,no,no,no,no,2314455
132,renault 5 gtl,standard,gas,std,2,hatchback,fwd,front,96.1,176.8,66.6,50.5,2460,ohc,4,132,mpfi,3.46,3.9,8.7,90,5100,31,12.09,144.13,54,1416,no,no,no,no,no,no,2463855
133,saab 99e,metallic,gas,std,2,hatchback,fwd,front,99.1,186.6,66.5,56.1,2658,ohc,4,121,mpfi,3.54,3.07,9.31,110,5250,28,13.58,132.46,42,1162,no,no,no,no,no,no,2950650
134,saab 99le,metallic,gas,std,4,sedan,fwd,front,99.1,186.6,66.5,56.1,2695,ohc,4,121,mpfi,3.54,3.07,9.3,110,5250,28,10.18,140.8,42,1487,no,no,no,no,no,no,3030330
135,saab 99le,metallic,gas,std,2,hatchback,fwd,front,99.1,186.6,66.5,56.1,2707,ohc,4,121,mpfi,2.54,2.07,9.3,110,5250,28,14.53,127.13,42,1157,no,no,no,no,no,no,3744960
136,saab 99gle,metallic,gas,std,4,sedan,fwd,front,99.1,186.6,66.5,56.1,2758,ohc,4,121,mpfi,3.54,3.07,9.3,110,5250,28,12.98,119.8,42,1214,no,no,no,no,no,no,3861990
137,saab 99gle,metallic,gas,turbo,2,hatchback,fwd,front,99.1,186.6,66.5,56.1,2808,dohc,4,121,mpfi,3.54,3.07,9,160,5500,26,10.41,135.53,42,1388,no,no,no,no,no,no,4519350
138,saab 99e,metallic,gas,turbo,4,sedan,fwd,front,99.1,186.6,66.5,56.1,2847,dohc,4,121,mpfi,3.54,3.07,9,160,5500,26,15.35,139.89,42,1411,no,no,no,no,no,no,4636380
139,subaru,standard,gas,std,2,hatchback,fwd,front,93.7,156.9,63.4,53.7,2050,ohcf,4,97,2bbl,3.62,2.36,9,69,4900,36,13.69,142.24,42,1270,no,no,no,no,no,no,1274382
140,subaru dl,standard,gas,std,2,hatchback,fwd,front,93.7,157.9,63.6,53.7,2120,ohcf,4,108,2bbl,3.62,2.64,8.7,73,4400,31,14.76,128.11,40,1463,no,no,no,no,no,no,1756197
141,subaru dl,standard,gas,std,2,hatchback,4wd,front,93.3,157.3,63.8,55.7,2240,ohcf,4,108,2bbl,3.62,2.64,8.7,73,4400,31,10.99,123.44,40,1177,no,no,no,no,no,no,1893147
142,subaru,standard,gas,std,4,sedan,fwd,front,97.2,172,65.4,52.5,2145,ohcf,4,108,2bbl,3.62,2.64,9.5,82,4800,37,14.38,146.75,40,1354,no,no,no,no,no,no,1774374
143,subaru brz,standard,gas,std,4,sedan,fwd,front,97.2,172,65.4,52.5,2190,ohcf,4,108,2bbl,3.62,2.64,9.5,82,4400,33,11.37,130.52,40,1298,no,no,no,no,no,no,1935975
144,subaru baja,standard,gas,std,4,sedan,fwd,front,97.2,172,65.4,52.5,2340,ohcf,4,108,mpfi,3.62,2.64,9,94,5200,32,14.25,143.88,40,1294,no,no,no,no,no,no,2480040
145,subaru r1,standard,gas,std,4,sedan,4wd,front,97,172,65.4,54.3,2385,ohcf,4,108,2bbl,3.62,2.64,9,82,4800,25,13.13,130.85,40,1207,no,no,no,no,no,no,2299017
146,subaru r2,metallic,gas,turbo,4,sedan,4wd,front,97,172,65.4,54.3,2510,ohcf,4,108,mpfi,3.62,2.64,7.7,111,4800,29,10.9,148.95,40,1418,no,no,no,no,no,no,2803491
147,subaru trezia,standard,gas,std,4,wagon,fwd,front,97,173.5,65.4,53,2290,ohcf,4,108,2bbl,3.62,2.64,9,82,4800,32,13.55,149.01,40,1170,no,no,no,no,no,no,1858287
148,subaru tribeca,metallic,gas,std,4,wagon,fwd,front,97,173.5,65.4,53,2455,ohcf,4,108,mpfi,3.62,2.64,9,94,5200,31,15.91,138.55,40,1260,no,no,no,no,no,no,2539302
149,subaru dl,standard,gas,std,4,wagon,4wd,front,96.9,173.6,65.4,54.9,2420,ohcf,4,108,2bbl,3.62,2.64,9,82,4800,29,11.44,120.44,40,1251,no,no,no,no,no,no,1995237
150,subaru dl,metallic,gas,turbo,4,wagon,4wd,front,96.9,173.6,65.4,54.9,2650,ohcf,4,108,mpfi,3.62,2.64,7.7,111,4800,23,13.96,131.77,40,1361,no,no,no,no,no,no,2911806
151,toyota corona mark ii,standard,gas,std,2,hatchback,fwd,front,95.7,158.7,63.6,54.5,1985,ohc,4,92,2bbl,3.05,3.03,9,62,4800,39,10.63,148.64,56,1187,no,no,no,no,no,no,1331652
152,toyota corona,standard,gas,std,2,hatchback,fwd,front,95.7,158.7,63.6,54.5,2040,ohc,4,92,2bbl,3.05,3.03,9,62,4800,38,14.98,127.23,56,1517,no,no,no,no,no,no,1578162
153,toyota corolla 1200,standard,gas,std,4,hatchback,fwd,front,95.7,158.7,63.6,54.5,2015,ohc,4,92,2bbl,3.05,3.03,9,62,4800,38,12.54,145.11,56,1357,no,no,no,no,no,no,1615512
154,toyota corona hardtop,standard,gas,std,4,wagon,fwd,front,95.7,169.7,63.6,59.1,2280,ohc,4,92,2bbl,3.05,3.03,9,62,4800,37,15.13,134.72,56,1526,no,no,no,no,no,no,1722582
155,toyota corolla 1600 (sw),standard,gas,std,4,wagon,4wd,front,95.7,169.7,63.6,59.1,2290,ohc,4,92,2bbl,3.05,3.03,9,62,4800,32,11.61,122.57,56,1241,no,no,no,no,no,no,1966602
156,toyota carina,standard,gas,std,4,wagon,4wd,front,95.7,169.7,63.6,59.1,3110,ohc,4,92,2bbl,3.05,3.03,9,62,4800,32,13.24,141.72,56,1539,no,no,no,no,no,no,2185722
157,toyota mark ii,standard,gas,std,4,sedan,fwd,front,95.7,166.3,64.4,53,2081,ohc,4,98,2bbl,3.19,3.03,9,70,4800,37,11.85,121.81,56,1286,no,no,no,no,no,no,1727562
158,toyota corolla 1200,standard,gas,std,4,hatchback,fwd,front,95.7,166.3,64.4,52.8,2109,ohc,4,98,2bbl,3.19,3.03,9,70,4800,37,15.22,131.06,56,1578,no,no,no,no,no,no,1792302
159,toyota corona,standard,diesel,std,4,sedan,fwd,front,95.7,166.3,64.4,53,2275,ohc,4,110,idi,3.27,3.35,22.5,56,4500,36,13.8,133.1,56,1217,no,no,no,no,no,no,1966602
160,toyota corolla,standard,diesel,std,4,hatchback,fwd,front,95.7,166.3,64.4,52.8,2275,ohc,4,110,idi,3.27,3.35,22.5,56,4500,47,14.61,138.12,56,1522,no,no,no,no,no,no,1939212
161,toyota corona,standard,gas,std,4,sedan,fwd,front,95.7,166.3,64.4,53,2094,ohc,4,98,2bbl,3.19,3.03,9,70,4800,47,10.77,132.13,56,1497,no,no,no,no,no,no,1926762
162,toyota corolla,standard,gas,std,4,hatchback,fwd,front,95.7,166.3,64.4,52.8,2122,ohc,4,98,2bbl,3.19,3.03,9,70,4800,34,12.97,125.66,56,1343,no,no,no,no,no,no,2081142
163,toyota mark ii,standard,gas,std,4,sedan,fwd,front,95.7,166.3,64.4,52.8,2140,ohc,4,98,2bbl,3.19,3.03,9,70,4800,34,15.53,139.19,56,1257,no,no,no,no,no,no,2305242
164,toyota corolla liftback,standard,gas,std,2,sedan,rwd,front,94.5,168.7,64,52.6,2169,ohc,4,98,2bbl,3.19,3.03,9,70,4800,34,11.03,124.01,56,1225,no,no,no,no,no,no,2006442
165,toyota corona,standard,gas,std,2,hatchback,rwd,front,94.5,168.7,64,52.6,2204,ohc,4,98,2bbl,3.19,3.03,9,70,4800,34,15.58,121,56,1476,no,no,no,no,no,no,2051262
166,toyota celica gt liftback,standard,gas,std,2,sedan,rwd,front,94.5,168.7,64,52.6,2265,dohc,4,98,mpfi,3.24,3.08,9.4,112,6600,29,14.3,144.41,56,1449,no,no,no,no,no,no,2315202
167,toyota corolla tercel,standard,gas,std,2,hatchback,rwd,front,94.5,168.7,64,52.6,2300,dohc,4,98,mpfi,3.24,3.08,9.4,112,6600,29,10.25,122.62,56,1206,no,no,no,no,no,no,2374962
168,toyota corona liftback,standard,gas,std,2,hardtop,rwd,front,98.4,176.2,65.6,52,2540,ohc,4,146,mpfi,3.62,3.5,9.3,116,4800,30,13.67,128.4,56,1453,no,no,no,no,no,no,2103801
169,toyota corolla,standard,gas,std,2,hardtop,rwd,front,98.4,176.2,65.6,52,2536,ohc,4,146,mpfi,3.62,3.5,9.3,116,4800,30,10.74,139.71,56,1193,no,no,no,no,no,no,2400111
170,toyota starlet,standard,gas,std,2,hatchback,rwd,front,98.4,176.2,65.6,52,2551,ohc,4,146,mpfi,3.62,3.5,9.3,116,4800,30,12.67,148.96,56,1468,no,no,no,no,no,no,2487261
171,toyota tercel,metallic,gas,std,2,hardtop,rwd,front,98.4,176.2,65.6,52,2679,ohc,4,146,mpfi,3.62,3.5,9.3,116,4800,30,15.65,143.76,56,1277,no,no,no,no,no,no,2788551
172,toyota corolla,metallic,gas,std,2,hatchback,rwd,front,98.4,176.2,65.6,52,2714,ohc,4,146,mpfi,3.62,3.5,9.3,116,4800,30,10.31,129.8,56,1471,no,no,no,no,no,no,2875701
173,toyota cressida,metallic,gas,std,2,convertible,rwd,front,98.4,176.2,65.6,53,2975,ohc,4,146,mpfi,3.62,3.5,9.3,116,4800,30,14.19,137.39,56,1433,no,no,no,no,no,no,4399581
174,toyota corolla,standard,gas,std,4,sedan,fwd,front,102.4,175.6,66.5,54.9,2326,ohc,4,122,mpfi,3.31,3.54,8.7,92,4200,34,11.99,139.12,56,1415,no,no,no,no,no,no,2228052
175,toyota celica gt,metallic,diesel,turbo,4,sedan,fwd,front,102.4,175.6,66.5,54.9,2480,ohc,4,110,idi,3.27,3.35,22.5,73,4500,33,15.81,129.96,56,1243,no,no,no,no,no,no,2663802
176,toyota corona,standard,gas,std,4,hatchback,fwd,front,102.4,175.6,66.5,53.9,2414,ohc,4,122,mpfi,3.31,3.54,8.7,92,4200,32,13.09,122.37,56,1386,no,no,no,no,no,no,2487012
177,toyota corolla,metallic,gas,std,4,sedan,fwd,front,102.4,175.6,66.5,54.9,2414,ohc,4,122,mpfi,3.31,3.54,8.7,92,4200,32,12.84,125.15,56,1527,no,no,no,no,no,no,2713602
178,toyota mark ii,metallic,gas,std,4,hatchback,fwd,front,102.4,175.6,66.5,53.9,2458,ohc,4,122,mpfi,3.31,3.54,8.7,92,4200,32,10.48,143,56,1182,no,no,no,no,no,no,2800752
179,toyota corolla liftback,metallic,gas,std,2,hatchback,rwd,front,102.9,183.5,67.7,52,2976,dohc,6,171,mpfi,3.27,3.35,9.3,161,5200,24,15.68,143.58,56,1478,no,no,no,no,no,no,4122942
180,toyota corona,metallic,gas,std,2,hatchback,rwd,front,102.9,183.5,67.7,52,3016,dohc,6,171,mpfi,3.27,3.35,9.3,161,5200,24,11.66,143.89,56,1310,no,no,no,no,no,no,3983502
181,toyota starlet,metallic,gas,std,4,sedan,rwd,front,104.5,187.8,66.5,54.1,3131,dohc,6,171,mpfi,3.27,3.35,9.2,156,5200,24,13.11,148.97,56,1263,no,no,no,no,no,no,3906810
182,toyouta tercel,metallic,gas,std,4,wagon,rwd,front,104.5,187.8,66.5,54.1,3151,dohc,6,161,mpfi,3.27,3.35,9.2,156,5200,24,14.34,131.89,56,1473,no,no,no,no,no,no,3921750
183,vokswagen rabbit,standard,diesel,std,2,sedan,fwd,front,97.3,171.7,65.5,55.7,2261,ohc,4,97,idi,3.01,3.4,23,52,4800,46,10.58,123.36,54,1329,no,no,no,no,no,no,1935975
184,volkswagen 1131 deluxe sedan,standard,gas,std,2,sedan,fwd,front,97.3,171.7,65.5,55.7,2209,ohc,4,109,mpfi,3.19,3.4,9,85,5250,34,15.26,146.46,54,1432,no,no,no,no,no,no,1985775
185,volkswagen model 111,standard,diesel,std,4,sedan,fwd,front,97.3,171.7,65.5,55.7,2264,ohc,4,97,idi,3.01,3.4,23,52,4800,46,12.36,146.56,54,1383,no,no,no,no,no,no,1990755
186,volkswagen type 3,standard,gas,std,4,sedan,fwd,front,97.3,171.7,65.5,55.7,2212,ohc,4,109,mpfi,3.19,3.4,9,85,5250,34,14.97,145.45,54,1533,no,no,no,no,no,no,2040555
187,volkswagen 411 (sw),standard,gas,std,4,sedan,fwd,front,97.3,171.7,65.5,55.7,2275,ohc,4,109,mpfi,3.19,3.4,9,85,5250,34,12.01,139.3,54,1296,no,no,no,no,no,no,2115255
188,volkswagen super beetle,standard,diesel,turbo,4,sedan,fwd,front,97.3,171.7,65.5,55.7,2319,ohc,4,97,idi,3.01,3.4,23,68,4500,42,15.03,141.5,54,1261,no,no,no,no,no,no,2364255
189,volkswagen dasher,standard,gas,std,4,sedan,fwd,front,97.3,171.7,65.5,55.7,2300,ohc,4,109,mpfi,3.19,3.4,10,100,5500,32,12.49,142.29,54,1469,no,no,no,no,no,no,2488755
190,vw dasher,metallic,gas,std,2,convertible,fwd,front,94.5,159.3,64.2,55.6,2254,ohc,4,109,mpfi,3.19,3.4,8.5,90,5500,29,13.84,147.14,54,1198,no,no,no,no,no,no,2887155
191,vw rabbit,standard,gas,std,2,hatchback,fwd,front,94.5,165.7,64,51.4,2221,ohc,4,109,mpfi,3.19,3.4,8.5,90,5500,29,11.38,134.66,54,1211,no,no,no,no,no,no,2485020
192,volkswagen rabbit,metallic,gas,std,4,sedan,fwd,front,100.4,180.2,66.9,55.1,2661,ohc,5,136,mpfi,3.19,3.4,8.5,110,5500,24,13.91,127.37,54,1197,no,no,no,no,no,no,3310455
193,volkswagen rabbit custom,metallic,diesel,turbo,4,sedan,fwd,front,100.4,180.2,66.9,55.1,2579,ohc,4,97,idi,3.01,3.4,23,68,4500,38,10.82,125.16,54,1479,no,no,no,no,no,no,3447405
194,volkswagen dasher,metallic,gas,std,4,wagon,fwd,front,100.4,183.1,66.9,55.1,2563,ohc,4,109,mpfi,3.19,3.4,9,88,5500,31,14.27,128.13,54,1570,no,no,no,no,no,no,3060210
195,volvo 145e (sw),metallic,gas,std,4,sedan,rwd,front,104.3,188.8,67.2,56.2,2912,ohc,4,141,mpfi,3.78,3.15,9.5,114,5400,28,11.13,148.57,52,1340,no,no,no,no,no,no,3222060
196,volvo 144ea,metallic,gas,std,4,wagon,rwd,front,104.3,188.8,67.2,57.5,3034,ohc,4,141,mpfi,3.78,3.15,9.5,114,5400,28,15.84,126.18,52,1301,no,no,no,no,no,no,3340335
197,volvo 244dl,metallic,gas,std,4,sedan,rwd,front,104.3,188.8,67.2,56.2,2935,ohc,4,141,mpfi,3.78,3.15,9.5,114,5400,28,10.71,139.06,52,1531,no,no,no,no,no,no,3980265
198,volvo 245,metallic,gas,std,4,wagon,rwd,front,104.3,188.8,67.2,57.5,3042,ohc,4,141,mpfi,3.78,3.15,9.5,114,5400,28,13.36,121.11,52,1358,no,no,no,no,no,no,4112235
199,volvo 264gl,metallic,gas,turbo,4,sedan,rwd,front,104.3,188.8,67.2,56.2,3045,ohc,4,130,mpfi,3.62,3.15,7.5,162,5100,22,12.82,140.46,52,1240,no,no,no,no,no,no,4586580
200,volvo diesel,metallic,gas,turbo,4,wagon,rwd,front,104.3,188.8,67.2,57.5,3157,ohc,4,130,mpfi,3.62,3.15,7.5,162,5100,22,11.31,139.04,52,1353,no,no,no,no,no,no,4718550
201,volvo 145e (sw),metallic,gas,std,4,sedan,rwd,front,109.1,188.8,68.9,55.5,2952,ohc,4,141,mpfi,3.78,3.15,9.5,114,5400,28,15.56,127.12,52,1161,no,no,no,no,no,no,4194405
202,volvo 144ea,metallic,gas,turbo,4,sedan,rwd,front,109.1,188.8,68.8,55.5,3049,ohc,4,141,mpfi,3.78,3.15,8.7,160,5300,25,13.47,126.7,52,1336,no,no,no,no,no,no,4742205
203,volvo 244dl,metallic,gas,std,4,sedan,rwd,front,109.1,188.8,68.9,55.5,3012,ohcv,6,173,mpfi,3.58,2.87,8.8,134,5500,23,10.67,142.35,52,1512,no,no,no,no,no,no,5349765
204,volvo 246,metallic,diesel,turbo,4,sedan,rwd,front,109.1,188.8,68.9,55.5,3217,ohc,6,145,idi,3.01,3.4,23,106,4800,27,14.42,128.58,52,1295,no,no,no,no,no,no,5595030
205,volvo 264gl,metallic,gas,turbo,4,sedan,rwd,front,109.1,188.8,68.9,55.5,3062,ohc,4,141,mpfi,3.78,3.15,9.5,114,5400,25,12.73,149.77,52,1228,no,no,no,no,no,no,5633625
206,hyundai grand i10,standard,petrol,std,4,hatchback,fwd,front,100.4,187.5,66.9,52.5,935,l,4,120,mpfi,3.34,3.05,8.88,182,5700,38,8.72,200.76,60,1721,,,,,,,854900
207,maruti suzuki celerio,standard,petrol,std,4,hatchback,fwd,front,102.9,176.2,65.7,52.6,905,l,3,100,mpfi,3.87,3.85,7.95,86,5600,34,13.19,244.92,56,2120,,,,,,,705500
208,renault triber,standard,petrol,std,4,mpv,fwd,front,95.7,173.6,64.8,55.6,975,l,3,100,mpfi,2.83,3.26,10.82,102,5300,34,9.4,212.14,54,1845,,,,,,,854900
209,tata tigor,standard,petrol,std,4,sedan,fwd,front,107.9,193.8,65.6,52.6,1126,l,3,120,mpfi,3.69,3.5,7.33,121,5700,37,8.21,225.75,50,2013,,,,,,,954500
210,mahindra scorpio,standard,diesel,std,4,mid-suv,rwd,front,97.2,186.6,63.8,51.6,1800,l,4,220,idi,2.93,3.5,8.11,155,5400,32,8.08,225.69,60,2237,,,,,,,2016900
211,ford figo,standard,petrol,std,4,hatchback,fwd,front,99.8,169.7,68.4,54.3,1016,l,3,150,mpfi,3.54,2.99,9.91,70,5200,24,12.53,197.39,54,1902,,,,,,,996000
212,kia sonet,standard,petrol,turbo,4,compact-suv,fwd,front,95.1,157.3,67.9,54.7,1287,l,4,150,mpfi,3.43,3.36,10.47,116,5400,25,12.87,217.71,64,1656,,,,,,,1411000
213,maruti fronx,standard,petrol,turbo,4,compact-suv,fwd,front,93.1,165.3,65.5,53.7,1060,l,4,150,mpfi,2.76,3.15,9.24,68,5600,33,9.06,206.04,50.3,1965,,,,,,,2075000
214,hyundai creta,standard,petrol,turbo,4,compact-suv,fwd,front,99.5,173.2,67.2,50.5,1411,l,4,150,mpfi,3.61,3.9,8.56,145,5200,25,12.31,247.95,39.2,2189,,,,,,,1817700
215,mahindra thar,standard,diesel,turbo,2,off-road suv,rwd,front,93.7,176.6,68.4,54.5,1710,l,4,220,idi,3.51,3.03,7.55,110,5200,24,8.95,199.57,65,1743,,,,,,,1618500
216,toyota fortuner,metallic,petrol,turbo,4,mid-suv,rwd,front,96.9,168.7,63.8,55.7,2180,l,4,280,mpfi,3.74,3.64,9.78,95,5100,23,13.92,233.24,56,2067,,,,,,,4042100
217,tata punch,standard,petrol,turbo,4,micro-suv,fwd,front,89.5,172.4,64.6,56.2,1035,l,3,120,mpfi,3.25,3.01,8.22,176,5000,31,9.24,198.59,45.1,1998,,,,,,,904700
